time,CapMrktEstUSD,ReferenceRate,ReferenceRateBTC,ReferenceRateETH,ReferenceRateEUR,ReferenceRateUSD,principal_market_price_usd,principal_market_usd
2021-06-01,480299166.17661956701730101473,,,,,,,
2021-06-02,642276130.07840099676953407551,,,,,,,
2021-06-03,687740942.28619682296435678032,,,,,,,
2021-06-04,559097541.06939053541241949371,,,,,,,
2021-06-05,513870879.76066311269727943002,,,,,,,
2021-06-06,521110947.29956930972780511814,,,,,,,
2021-06-07,492254296.24625250000398553033,,,,,,,
2021-06-08,448593856.22204664752709443898,,,,,,,
2021-06-09,465384183.21098440488964594356,,,,,,,
2021-06-10,400468609.23663069245812297121,,,,,,,
2021-06-11,379634447.04665562498283530845,,,,,,,
2021-06-12,350371791.40993473351926233814,,,,,,,
2021-06-13,436330607.81414232875326595788,,,,,,,
2021-06-14,438402630.31620776424497663172,,,,,,,
2021-06-15,416188509.13421807042849326062,,,,,,,
2021-06-16,378643851.16195167079767028644,,,,,,,
2021-06-17,362316193.00003691237712604973,,,,,,,
2021-06-18,349782865.56469730209781293611,,,,,,,
2021-06-19,327601053.33667386772909816231,,,,,,,
2021-06-20,320006679.94482036176664068931,,,,,,,
2021-06-21,237745950.65687585584384942598,,,,,,,
2021-06-22,226082035.06985167093182691137,,,,,,,
2021-06-23,284768677.28986853345766658583,,,,,,,
2021-06-24,284323167.06729962033144304877,,,,,,,
2021-06-25,241479886.69652065577698138191,,,,,,,
2021-06-26,220099822.39241901467287728461,,,,,,,
2021-06-27,236486161.77626932698416669838,,,,,,,
2021-06-28,237134072.14934219162847429529,,,,,,,
2021-06-29,263199677.63925901224450053952,,,,,,,
2021-06-30,248426405.06419501924067121904,,,,,,,
2021-07-01,236822554.77431117799070109861,,,,,,,
2021-07-02,231706032.38724157919160551343,,,,,,,
2021-07-03,246288791.39568505788404805534,,,,,,,
2021-07-04,240569743.87346153835161936172,,,,,,,
2021-07-05,223202380.2557655602157391943,,,,,,,
2021-07-06,229106709.0146883333167028402,,,,,,,
2021-07-07,230550526.26679575116808751985,,,,,,,
2021-07-08,216404037.09436887687105715922,,,,,,,
2021-07-09,222860242.06652525462665985673,,,,,,,
2021-07-10,208548950.62243353799487359824,,,,,,,
2021-07-11,215916793.13676079286448362166,,,,,,,
2021-07-12,205021062.61501780972335890357,,,,,,,
2021-07-13,200207749.23601260173816999742,,,,,,,
2021-07-14,204255853.12094906974648698522,,,,,,,
2021-07-15,194925903.24978127198670756067,,,,,,,
2021-07-16,186969534.21443742856683126943,,,,,,,
2021-07-17,197728988.00125267541927768407,,,,,,,
2021-07-18,188120888.74493306670394724895,,,,,,,
2021-07-19,183595657.18426924923648186598,,,,,,,
2021-07-20,167872483.495805567119563138149,,,,,,,
2021-07-21,190108236.05064820709979595207,,,,,,,
2021-07-22,197866644.16071506879222720864,,,,,,,
2021-07-23,234567001.55033010058834289107,,,,,,,
2021-07-24,238530640.52022503230144689316,,,,,,,
2021-07-25,258380840.0361021316936579665,,,,,,,
2021-07-26,261068129.8282848712067034616,,,,,,,
2021-07-27,261342841.43442206620849437111,,,,,,,
2021-07-28,253749620.09955846587204556348,,,,,,,
2021-07-29,251187960.088153097740773894,,,,,,,
2021-07-30,273830702.36831660041602007734,,,,,,,
2021-07-31,307016293.80220796065727180123,,,,,,,
2021-08-01,287574794.48510276136043968763,,,,,,,
2021-08-02,334884237.44369880253045556787,,,,,,,
2021-08-03,360880196.2632000949708242684,,,,,,,
2021-08-04,491755532.86437802890330431393,,,,,,,
2021-08-05,442047489.45599181613848097729,,,,,,,
2021-08-06,442289083.90789566915662963632,,,,,,,
2021-08-07,483891350.15041431271725641676,,,,,,,
2021-08-08,429844990.64471718236382632291,,,,,,,
2021-08-09,474360734.12447575510327344036,,,,,,,
2021-08-10,610313799.99104111471028026292,,,,,,,
2021-08-11,562687819.85528490774181023095,,,,,,,
2021-08-12,549667815.67642364277735059448,,,,,,,
2021-08-13,607960742.70755282173975384698,,,,,,,
2021-08-14,575396812.54558260847000108239,,,,,,,
2021-08-15,611248153.76953121844679506884,,,,,,,
2021-08-16,663557567.8392164645004165425,,,,,,,
2021-08-17,622553617.50235597954837093956,,,,,,,
2021-08-18,614067529.58245639428322250624,,,,,,,
2021-08-19,640817617.80887739555081729183,,,,,,,
2021-08-20,638494494.97051852431765489869,,,,,,,
2021-08-21,621941342.03566559884899275085,,,,,,,
2021-08-22,619960159.23504604938017994294,,,,,,,
2021-08-23,630298905.13221262623462163455,,,,,,,
2021-08-24,583591590.58270420062305002124,,,,,,,
2021-08-25,592081901.94506889550301967754,,,,,,,
2021-08-26,546104323.56425913886507778439,,,,,,,
2021-08-27,599852430.20538370323914924477,,,,,,,
2021-08-28,590383425.92613815861819958819,,,,,,,
2021-08-29,591138102.1622141180132490122,,,,,,,
2021-08-30,659050357.54456943582623068811,,,,,,,
2021-08-31,745325893.12393485021941414286,,,,,,,
2021-09-01,856187383.73668862078913869495,,,,,,,
2021-09-02,797347527.55407333361601556627,,,,,,,
2021-09-03,794144096.84124652907374568973,,,,,,,
2021-09-04,789078281.04121218216956016655,,,,,,,
2021-09-05,885192372.62016581510093641367,,,,,,,
2021-09-06,866609679.96932747456014968222,,,,,,,
2021-09-07,790476889.48848775671769729905,,,,,,,
2021-09-08,845592181.87304502898949204517,,,,,,,
2021-09-09,1187214943.49436105756028105236,,,,,,,
2021-09-10,1187338634.99325444579185527364,,,,,,,
2021-09-11,1098413563.99175659646165476083,,,,,,,
2021-09-12,1097208925.09991237795840531986,,,,,,,
2021-09-13,1225916934.24220872441632617743,,,,,,,
2021-09-14,1449000373.18432270041734740002,,,,,,,
2021-09-15,1425048765.36529312796081982792,,,,,,,
2021-09-16,1351372481.38149541076210040579,,,,,,,
2021-09-17,1233142334.59893157279039664144,,,,,,,
2021-09-18,1267614881.80657981073597137422,,,,,,,
2021-09-19,1283380294.99613163651223526216,,,,,,,
2021-09-20,1079547581.96703761941203951729,,,,,,,
2021-09-21,1020116877.26578085868075434407,,,,,,,
2021-09-22,1146686906.98903841140989724344,,,,,,,
2021-09-23,1177113192.62193545030473940066,,,,,,,
2021-09-24,1052487279.78567470405007631095,,,,,,,
2021-09-25,1015865589.96184867123661627611,,,,,,,
2021-09-26,1084315975.45272192172020086184,,,,,,,
2021-09-27,1034285671.34369118469133870472,,,,,,,
2021-09-28,983032924.30342255910048132472,,,,,,,
2021-09-29,992878852.33118460967062445601,,,,,,,
2021-09-30,1015730250.60766019486268380679,,,,,,,
2021-10-01,1131354093.38227346697609056992,,,,,,,
2021-10-02,1133408212.03043676913162965629,,,,,,,
2021-10-03,1138816739.74094221302005170779,,,,,,,
2021-10-04,1091483107.87681990899222508785,,,,,,,
2021-10-05,1202592853.65280544354571655263,,,,,,,
2021-10-06,1173951790.67992500977930451929,,,,,,,
2021-10-07,1179939797.02640379074053779241,,,,,,,
2021-10-08,1158925735.52678055453919191882,,,,,,,
2021-10-09,1154133910.97617034309480617856,,,,,,,
2021-10-10,1084991305.02122854890716483337,,,,,,,
2021-10-11,1091278395.43717266553343934003,,,,,,,
2021-10-12,1095142440.53571097954511531669,,,,,,,
2021-10-13,1097384308.59434296148434162377,,,,,,,
2021-10-14,1143517181.66226186747995782773,,,,,,,
2021-10-15,1112788223.27311542898565996646,,,,,,,
2021-10-16,1111534271.92205712123619008921,,,,,,,
2021-10-17,1090806975.42646306220965625677,,,,,,,
2021-10-18,1089495342.53521524378228037768,,,,,,,
2021-10-19,1080525390.63021652193359270634,,,,,,,
2021-10-20,1150210040.49954027122315827622,,,,,,,
2021-10-21,1132344918.27003301463847010393,,,,,,,
2021-10-22,1138070882.64053438527221446091,,,,,,,
2021-10-23,1141484333.42701029198243928875,,,,,,,
2021-10-24,1242068564.28999968620728847711,,,,,,,
2021-10-25,1317464385.56216605362056133357,,,,,,,
2021-10-26,1364012061.77493711180459129079,,,,,,,
2021-10-27,1218114184.9242568812881485857,,,,,,,
2021-10-28,1287064472.38566339569087779417,,,,,,,
2021-10-29,1288334219.72789798249892268779,,,,,,,
2021-10-30,1231213885.28582165881477547822,,,,,,,
2021-10-31,1246721243.83785055208538918648,,,,,,,
2021-11-01,1252299216.80060086116055749354,,,,,,,
2021-11-02,1265653434.77164221824434869945,,,,,,,
2021-11-03,1253489115.18996080823630474094,,,,,,,
2021-11-04,1212695312.92562067564729292623,,,,,,,
2021-11-05,1220343543.36222705163700818227,,,,,,,
2021-11-06,1213068553.88347238519035660537,,,,,,,
2021-11-07,1258040343.60581660307387563909,,,,,,,
2021-11-08,1254197339.22193341926546225559,,,,,,,
2021-11-09,1230293732.93530101980574201213,,,,,,,
2021-11-10,1513816490.16621703267110978084,,,,,,,
2021-11-11,1702312715.48212092962749981266,,,,,,,
2021-11-12,1624465124.64161368499442612399,,,,,,,
2021-11-13,1599459452.49527981394673905658,,,,,,,
2021-11-14,1554989982.17453172558682261698,,,,,,,
2021-11-15,1488231546.69495239149566571914,,,,,,,
2021-11-16,1326136830.59863981120835058798,,,,,,,
2021-11-17,1363736060.27142850581873150986,,,,,,,
2021-11-18,1236578577.49871914676464177914,,,,,,,
2021-11-19,1391789538.55763956045559998953,,,,,,,
2021-11-20,1376757574.00804640349111122434,,,,,,,
2021-11-21,1339406475.65880378753248316594,,,,,,,
2021-11-22,1322131180.49984286207120370011,,,,,,,
2021-11-23,1353082409.78553829677977566703,,,,,,,
2021-11-24,1555824720.12576969881975214205,,,,,,,
2021-11-25,1522282371.4212894093269656876,,,,,,,
2021-11-26,1396537824.16727013001978702177,,,,,,,
2021-11-27,1428817228.94571861077189273472,,,,,,,
2021-11-28,1460379061.38170199630457623897,,,,,,,
2021-11-29,1477266509.92949228053162420061,,,,,,,
2021-11-30,1401168268.33832492877348798084,,,,,,,
2021-12-01,1398829670.98531870648698535596,,,,,,,
2021-12-02,1353185982.4159865585410074446,,,,,,,
2021-12-03,1308156529.73258840170466797837,,,,,,,
2021-12-04,1194953540.81205806937745213936,,,,,,,
2021-12-05,1092519784.53805900478434579064,,,,,,,
2021-12-06,1191923054.23340311613240090917,,,,,,,
2021-12-07,1216264301.90649920465790994189,,,,,,,
2021-12-08,1247520620.89885995660005537325,,,,,,,
2021-12-09,1137607693.74376890147576118008,,,,,,,
2021-12-10,1106730586.54855759524826254675,,,,,,,
2021-12-11,1137650938.64515252260923787702,,,,,,,
2021-12-12,1160441317.41066769429143248151,,,,,,,
2021-12-13,1030371001.51290477287483173174,,,,,,,
2021-12-14,1032470211.58788481757088608587,,,,,,,
2021-12-15,1131331339.23831125600795183322,,,,,,,
2021-12-16,1068954099.25952810421156848211,,,,,,,
2021-12-17,1030243863.7829602782818950395,,,,,,,
2021-12-18,1047020762.51761978401648176127,,,,,,,
2021-12-19,1033674443.39694675483769779888,,,,,,,
2021-12-20,1024838060.46283623811544673162,,,,,,,
2021-12-21,1058610484.9320926846228304574,,,,,,,
2021-12-22,1088217917.37033379479436176972,,,,,,,
2021-12-23,1210923080.54643272009795073738,,,,,,,
2021-12-24,1177416356.38158171621201782775,,,,,,,
2021-12-25,1188318172.20832671003068874148,,,,,,,
2021-12-26,1259228337.39482754431325942444,,,,,,,
2021-12-27,1284994929.85314150415990550026,,,,,,,
2021-12-28,1172317434.99378292749030373701,,,,,,,
2021-12-29,1117452166.10395548695262293712,,,,,,,
2021-12-30,1201201032.19053549078602466023,,,,,,,
2021-12-31,1197506795.11802834974670220417,,,,,,,
2022-01-01,1250011923.87169716868197134316,,,,,,,
2022-01-02,1270320760.5592071474519488568,,,,,,,
2022-01-03,1206414350.86786750608200822041,,,,,,,
2022-01-04,1259288688.76086755908650745128,,,,,,,
2022-01-05,1308826438.28286483288448271888,,,,,,,
2022-01-06,1260933016.34512316036133894693,,,,,,,
2022-01-07,1149791516.44843657769577874596,,,,,,,
2022-01-08,1121955935.04878935897871404817,,,,,,,
2022-01-09,1150786474.43001882178069869015,,,,,,,
2022-01-10,1102353355.08991509121716775056,,,,,,,
2022-01-11,1194517825.66445640511678294995,,,,,,,
2022-01-12,1246500531.50990208481649865639,,,,,,,
2022-01-13,1143994344.92857534736357392103,,,,,,,
2022-01-14,1206766962.62996314405453849052,,,,,,,
2022-01-15,1225027971.09846839693423490735,,,,,,,
2022-01-16,1225155764.76005952705877833315,,,,,,,
2022-01-17,1199445977.5624496985827682173,,,,,,,
2022-01-18,1226205842.94916508539616450063,,,,,,,
2022-01-19,1198893359.04919446672505744578,,,,,,,
2022-01-20,1186653809.2039189266618115765,,,,,,,
2022-01-21,1031608095.40286902322744534244,,,,,,,
2022-01-22,830971959.79430855976706890458,,,,,,,
2022-01-23,871748684.01490733079168292961,,,,,,,
2022-01-24,831690549.98453626420698934566,,,,,,,
2022-01-25,832066318.68969050324734715422,,,,,,,
2022-01-26,832420439.44611040097611044341,,,,,,,
2022-01-27,813339145.89977068627039248432,,,,,,,
2022-01-28,828492651.72163923346055104898,,,,,,,
2022-01-29,841391474.61793773459555026163,,,,,,,
2022-01-30,824515788.59945500356821320871,,,,,,,
2022-01-31,867234908.05553569179808857039,,,,,,,
2022-02-01,968166695.89365156644694026775,,,,,,,
2022-02-02,897096123.48203594571682685267,,,,,,,
2022-02-03,903691232.16703442403308977286,,,,,,,
2022-02-04,989001882.59742388640357227922,,,,,,,
2022-02-05,1071536833.43278023720070934703,,,,,,,
2022-02-06,1113586482.70146116195372317834,,,,,,,
2022-02-07,1143702105.58853603650286014464,,,,,,,
2022-02-08,1113842232.67317190422213333317,,,,,,,
2022-02-09,1096356656.37392325972489461444,,,,,,,
2022-02-10,1037364302.97868609977223401914,,,,,,,
2022-02-11,950586186.65577943552187563692,,,,,,,
2022-02-12,941508958.5686037806611846258,,,,,,,
2022-02-13,894180987.07994576790889172544,,,,,,,
2022-02-14,1004928254.98942964146765802715,,,,,,,
2022-02-15,1046042877.1095474301070009055,,,,,,,
2022-02-16,1014458274.50472725828066813013,,,,,,,
2022-02-17,971486478.38066463787389467786,,,,,,,
2022-02-18,926820252.57957131368760459841,,,,,,,
2022-02-19,921151193.44976929311192061911,,,,,,,
2022-02-20,952489745.78882341938021080576,,,,,,,
2022-02-21,833785523.45617295904445341693,,,,,,,
2022-02-22,837098104.48005089809191126755,,,,,,,
2022-02-23,818052738.90706557943233250559,,,,,,,
2022-02-24,758867403.05216605818392778565,,,,,,,
2022-02-25,805828558.1873310311316798989,,,,,,,
2022-02-26,790436363.62795988251707872009,,,,,,,
2022-02-27,757994486.60052891845512990405,,,,,,,
2022-02-28,870481880.0849962723677372606,,,,,,,
2022-03-01,846992340.16616001404868962502,,,,,,,
2022-03-02,836438561.65950990320208378564,,,,,,,
2022-03-03,801181037.90632558629659081709,,,,,,,
2022-03-04,793674303.20440058170816163337,,,,,,,
2022-03-05,798305639.5730855197611074347,,,,,,,
2022-03-06,758937661.15981211559615220728,,,,,,,
2022-03-07,728576295.17458790865798727622,,,,,,,
2022-03-08,722754212.47850758047534527355,,,,,,,
2022-03-09,754801640.7851594974343696004,,,,,,,
2022-03-10,717983547.57619965654526858053,,,,,,,
2022-03-11,700738658.44094326569713963185,,,,,,,
2022-03-12,687623729.41775776893895901505,,,,,,,
2022-03-13,675036949.97657179178632632981,,,,,,,
2022-03-14,694624862.12836320278672935123,,,,,,,
2022-03-15,680762258.68128909076195303222,,,,,,,
2022-03-16,772347748.1862939108737502708,,,,,,,
2022-03-17,900185850.53225676255653855023,,,,,,,
2022-03-18,943194792.1945924659976848743,,,,,,,
2022-03-19,911362256.97143173676035574811,,,,,,,
2022-03-20,902266831.94899545206667426601,,,,,,,
2022-03-21,885138081.11402441054359949306,,,,,,,
2022-03-22,922955248.10539718410941906498,,,,,,,
2022-03-23,1079785144.07942585936550902292,,,,,,,
2022-03-24,1105616701.75359415154012498684,,,,,,,
2022-03-25,1064357506.7996680381850874843,,,,,,,
2022-03-26,1106412153.47506453385994228662,,,,,,,
2022-03-27,1196333208.42808168137657474831,,,,,,,
2022-03-28,1142040279.49140261740845323303,,,,,,,
2022-03-29,1137450065.14869049095296240343,,,,,,,
2022-03-30,1160278356.13606836830934646413,,,,,,,
2022-03-31,1168783296.85484390625196597056,,,,,,,
2022-04-01,1213418031.6738129913551834312,,,,,,,
2022-04-02,1157942840.41453578289789126689,,,,,,,
2022-04-03,1225618937.13065231779954490741,,,,,,,
2022-04-04,1383436427.04561934275670361661,,,,,,,
2022-04-05,1465700314.17043780637113837359,,,,,,,
2022-04-06,1368594443.00984869261897887838,,,,,,,
2022-04-07,1549131488.2053677069625962628,,,,,,,
2022-04-08,1441650249.52011433942937061999,,,,,,,
2022-04-09,1454671100.15542013271651761843,,,,,,,
2022-04-10,1356828961.99619519510796321023,,,,,,,
2022-04-11,1169186834.30816903494738199896,,,,,,,
2022-04-12,1096464993.3388635664599653202,,,,,,,
2022-04-13,1149848177.96411246628656424243,,,,,,,
2022-04-14,1055897019.2835624618644147363,,,,,,,
2022-04-15,1075918529.45468955853518106287,,,,,,,
2022-04-16,1115846538.83206137425932201086,,,,,,,
2022-04-17,1058181213.0134740428932258623,,,,,,,
2022-04-18,1112291891.15407500895729962669,,,,,,,
2022-04-19,1137353895.21048840766723298958,,,,,,,
2022-04-20,1131976527.21517160403169672811,,,,,,,
2022-04-21,1084522448.94142909572546631457,,,,,,,
2022-04-22,1079477458.36803237923624105479,,,,,,,
2022-04-23,1064917191.80782432368033460704,,,,,,,
2022-04-24,1033371539.10914411248673982546,,,,,,,
2022-04-25,1062707439.10634363504737118288,,,,,,,
2022-04-26,928687895.56357452773206981311,,,,,,,
2022-04-27,958273245.02791906560129752004,,,,,,,
2022-04-28,960157868.14618547890565240451,,,,,,,
2022-04-29,896441452.27974180518389160985,,,,,,,
2022-04-30,817623896.66456353936093070298,,,,,,,
2022-05-01,860563135.39874038037744190612,,,,,,,
2022-05-02,878891739.89871478964970333013,,,,,,,
2022-05-03,855686738.88747376552443093533,,,,,,,
2022-05-04,977704513.75769664049587347948,,,,,,,
2022-05-05,872585604.69995820629342151367,,,,,,,
2022-05-06,897226945.1538646261928219393,,,,,,,
2022-05-07,844729850.80221651906370348279,,,,,,,
2022-05-08,809146697.04141722882940542256,,,,,,,
2022-05-09,683911537.05472737177346677368,,,,,,,
2022-05-10,707813767.77123339808936380882,,,,,,,
2022-05-11,491059611.93899999781603372348,,,,,,,
2022-05-12,475835731.794970168020794470579,,,,,,,
2022-05-13,521631451.49150115388931352656,,,,,,,
2022-05-14,543154325.01910600354290035877,,,,,,,
2022-05-15,574624500.14700407410287238455,,,,,,,
2022-05-16,526291631.75320163186729558265,,,,,,,
2022-05-17,556365692.09182654682396819958,,,,,,,
2022-05-18,501676485.269691913162568780145,,,,,,,
2022-05-19,528289369.33032869829032255865,,,,,,,
2022-05-20,504502365.97847484009683383953,,,,,,,
2022-05-21,516624213.49102901160045016705,,,,,,,
2022-05-22,522921900.99545564049679382152,,,,,,,
2022-05-23,505480915.768085295966844446311,,,,,,,
2022-05-24,522544690.0170142130979272934,,,,,,,
2022-05-25,505316973.774994174649454864435,,,,,,,
2022-05-26,446990554.65637207491288827325,,,,,,,
2022-05-27,420861550.450458951361608830145,,,,,,,
2022-05-28,439112608.954209716494927770749,,,,,,,
2022-05-29,460914321.350410415238026173326,,,,,,,
2022-05-30,515903886.602429074294240811492,,,,,,,
2022-05-31,504804699.371962379776027093257,,,,,,,
2022-06-01,457429099.804975774574449306639,,,,,,,
2022-06-02,463558024.112004081589499439475,,,,,,,
2022-06-03,446773826.305710246014147032245,,,,,,,
2022-06-04,446027971.061725898210379867159,,,,,,,
2022-06-05,445975693.089669302937028913581,,,,,,,
2022-06-06,463800037.378583375131476855359,,,,,,,
2022-06-07,459814172.72443698010998159933,,,,,,,
2022-06-08,449514576.966989659281572501904,,,,,,,
2022-06-09,443735189.599615027630862438457,,,,,,,
2022-06-10,412099097.405724421372275448925,,,,,,,
2022-06-11,387853185.235897952563666076256,,,,,,,
2022-06-12,345081391.799723207614459584075,,,,,,,
2022-06-13,339003182.615001874156987621513,,,,,,,
2022-06-14,355832549.30400706421711231742,,,,,,,
2022-06-15,377664305.900929146255955158037,,,,,,,
2022-06-16,324700292.447934849098048399865,,,,,,,
2022-06-17,333916380.006799703359965148128,,,,,,,
2022-06-18,317545891.027499877955960164336,,,,,,,
2022-06-19,342490547.71235107130989746837,,,,,,,
2022-06-20,344580800.876356593488845640986,,,,,,,
2022-06-21,354500229.877970249115045797611,,,,,,,
2022-06-22,338530264.246400621489441248637,,,,,,,
2022-06-23,359025705.531058915030840479386,,,,,,,
2022-06-24,375883213.844242503774144632385,,,,,,,
2022-06-25,417865764.816907027492597727652,,,,,,,
2022-06-26,381516838.272290698703198467406,,,,,,,
2022-06-27,387365451.988260308620889687418,,,,,,,
2022-06-28,368104860.293526587612964353601,,,,,,,
2022-06-29,352652243.487217615588658862081,,,,,,,
2022-06-30,339816781.569936845748016704825,,,,,,,
2022-07-01,346561593.65140431883694013538,,,,,,,
2022-07-02,353630652.452077018997009247876,,,,,,,
2022-07-03,352264840.32359929766144559214,,,,,,,
2022-07-04,370002989.705943114314432941054,,,,,,,
2022-07-05,373994490.180734269080713884561,,,,,,,
2022-07-06,385633072.31302834091726918065,,,,,,,
2022-07-07,409947061.701556121460211857531,,,,,,,
2022-07-08,398454530.153672904244816738718,,,,,,,
2022-07-09,404329845.762119359019118363039,,,,,,,
2022-07-10,389755992.28982879876472599868,,,,,,,
2022-07-11,375607826.477818301133919336656,,,,,,,
2022-07-12,372264142.950158851825826403272,,,,,,,
2022-07-13,382088724.774011182837796284314,,,,,,,
2022-07-14,391793004.200692304774505610344,,,,,,,
2022-07-15,392626001.666978932603706370646,,,,,,,
2022-07-16,403400895.189934268642758680817,,,,,,,
2022-07-17,395663677.511228907476105125925,,,,,,,
2022-07-18,420438710.846394173859034627584,,,,,,,
2022-07-19,464998662.307238074390809692313,,,,,,,
2022-07-20,432707672.29035630388553442928,,,,,,,
2022-07-21,433343129.604121569051842996373,,,,,,,
2022-07-22,426060714.619944735515613180873,,,,,,,
2022-07-23,432212968.279858412297886069373,,,,,,,
2022-07-24,440393048.381045180914219459645,,,,,,,
2022-07-25,394409276.347709645115252460235,,,,,,,
2022-07-26,386972944.602773437423915868974,,,,,,,
2022-07-27,422708818.886291294647971888933,,,,,,,
2022-07-28,443667356.744976342184080347484,,,,,,,
2022-07-29,450700393.306228703126665847319,,,,,,,
2022-07-30,462923902.770534658112488982989,,,,,,,
2022-07-31,456182350.039561297909537984588,,,,,,,
2022-08-01,463386689.000804956317058472575,,,,,,,
2022-08-02,460780858.82967910634745907321,,,,,,,
2022-08-03,462654271.445611230844431388816,,,,,,,
2022-08-04,460618737.563711055289075642736,,,,,,,
2022-08-05,502304922.957969735096738053138,,,,,,,
2022-08-06,493013139.485748651115173502818,,,,,,,
2022-08-07,503134496.851859933926849800465,,,,,,,
2022-08-08,527742200.562424439366805990234,,,,,,,
2022-08-09,561214844.612471504337791529093,,,,,,,
2022-08-10,569715254.371817238095909240402,,,,,,,
2022-08-11,546241757.199548455836552757457,,,,,,,
2022-08-12,551663362.392072318208771792237,,,,,,,
2022-08-13,540813189.885839777703652589162,,,,,,,
2022-08-14,524333392.609877277786537832577,,,,,,,
2022-08-15,503334313.643954064812156252317,,,,,,,
2022-08-16,494144649.184443286628912672073,,,,,,,
2022-08-17,457281909.219394243079298630845,,,,,,,
2022-08-18,439923199.420211749447507186995,,,,,,,
2022-08-19,416569528.378799066877976138307,,,,,,,
2022-08-20,416270341.504808965539968968585,,,,,,,
2022-08-21,428717774.933551833053815266325,,,,,,,
2022-08-22,423353030.143338696191289901897,,,,,,,
2022-08-23,430504972.390612733027943028247,,,,,,,
2022-08-24,427008822.594322622384563178478,,,,,,,
2022-08-25,425378660.491396636143351743313,,,,,,,
2022-08-26,384181224.609312443985135144164,,,,,,,
2022-08-27,389421081.714914490059879578342,,,,,,,
2022-08-28,382744397.724160180530645797182,,,,,,,
2022-08-29,408573351.683839164179584992468,,,,,,,
2022-08-30,396387508.937985831440801123464,,,,,,,
2022-08-31,391179802.657088750014901614192,,,,,,,
2022-09-01,392459042.686260869773395360672,,,,,,,
2022-09-02,387604087.960553958852081391723,,,,,,,
2022-09-03,394758778.199599406768738981528,,,,,,,
2022-09-04,395459362.599714333313665357261,,,,,,,
2022-09-05,390080376.192646055519974227384,,,,,,,
2022-09-06,369350252.082744767640008936799,,,,,,,
2022-09-07,386232048.415351742903405286895,,,,,,,
2022-09-08,382912577.121681774279431731291,,,,,,,
2022-09-09,402831572.743995984999836138427,,,,,,,
2022-09-10,403931344.800374597038714505305,,,,,,,
2022-09-11,402757535.075114769639882751684,,,,,,,
2022-09-12,395115671.91539109131654958318,,,,,,,
2022-09-13,358472724.267138601398932358452,,,,,,,
2022-09-14,371418253.211563220720212080772,,,,,,,
2022-09-15,355215314.443212741567543299443,,,,,,,
2022-09-16,356267279.282148703784924624356,,,,,,,
2022-09-17,366297454.7708222818186328763,,,,,,,
2022-09-18,347090179.942474157336402450756,,,,,,,
2022-09-19,350638188.799796288270951971581,,,,,,,
2022-09-20,336291515.266866392702712526921,,,,,,,
2022-09-21,336021297.135479761228304563011,,,,,,,
2022-09-22,353856890.577595165273332379384,,,,,,,
2022-09-23,350302954.856612312094296571221,,,,,,,
2022-09-24,347260168.590651449777802457651,,,,,,,
2022-09-25,338293356.764676437249232552973,,,,,,,
2022-09-26,348870366.879645871074531300705,,,,,,,
2022-09-27,405367146.491365006247857671682,,,,,,,
2022-09-28,409417553.890129636684228270563,,,,,,,
2022-09-29,411118913.200461528178376560135,,,,,,,
2022-09-30,407225482.045415366298375723232,,,,,,,
2022-10-01,403557333.905306998089525763778,,,,,,,
2022-10-02,398599645.400364712754428219913,,,,,,,
2022-10-03,412996241.928822831913219068231,,,,,,,
2022-10-04,415266055.555124800034523430002,,,,,,,
2022-10-05,413099187.260448340503022497885,,,,,,,
2022-10-06,408769413.500059159944951193056,,,,,,,
2022-10-07,407954953.172176917980770563231,,,,,,,
2022-10-08,406799853.30172607511179316878,,,,,,,
2022-10-09,409951892.692493648283662334792,,,,,,,
2022-10-10,402599215.568699316986777915967,,,,,,,
2022-10-11,388987686.316054176108299106432,,,,,,,
2022-10-12,391167051.622509627833862170682,,,,,,,
2022-10-13,378191343.701782507937510283875,,,,,,,
2022-10-14,372713013.544052136614525493264,,,,,,,
2022-10-15,376774149.061416070903527527364,,,,,,,
2022-10-16,386452201.414395529493069781438,,,,,,,
2022-10-17,405444682.978719542683463848644,,,,,,,
2022-10-18,391142222.811292487334813592995,,,,,,,
2022-10-19,380930224.602794271710452599081,,,,,,,
2022-10-20,379598383.59087306617419746672,,,,,,,
2022-10-21,384632765.078080327357179711727,,,,,,,
2022-10-22,391881091.15460978731709625161,,,,,,,
2022-10-23,390358304.583471062238523018564,,,,,,,
2022-10-24,381000269.090668865986495572996,,,,,,,
2022-10-25,400048862.120123542202894380811,,,,,,,
2022-10-26,441323733.263483009452068734629,,,,,,,
2022-10-27,434499848.768912694236448446181,,,,,,,
2022-10-28,457672447.837348669939280120415,,,,,,,
2022-10-29,516012490.716206567954458202966,,,,,,,
2022-10-30,499712368.297027202093067940419,,,,,,,
2022-10-31,497875292.9916096319663971552,,,,,,,
2022-11-01,487945916.147094627101046774562,,,,,,,
2022-11-02,510111267.962958380457705024795,,,,,,,
2022-11-03,529242995.946855289850290044981,,,,,,,
2022-11-04,566986599.539757319815050024287,,,,,,,
2022-11-05,546935078.608239531936262087369,,,,,,,
2022-11-06,507929649.783635818476020024341,,,,,,,
2022-11-07,526904901.001443135989409810144,,,,,,,
2022-11-08,475521647.067789024428919970044,,,,,,,
2022-11-09,406422749.203680861423582571849,,,,,,,
2022-11-10,444193396.065879600010502292115,,,,,,,
2022-11-11,415736971.452615537234742550725,,,,,,,
2022-11-12,405583384.679824615398697336246,,,,,,,
2022-11-13,393300848.320550163641236566551,,,,,,,
2022-11-14,394274144.573450071964384863393,,,,,,,
2022-11-15,417271350.994920119109234990821,,,,,,,
2022-11-16,421513154.458120545611779598058,,,,,,,
2022-11-17,413471427.035610713705075027277,,,,,,,
2022-11-18,414239562.224106091824431473141,,,,,,,
2022-11-19,427638195.198467334686742594483,,,,,,,
2022-11-20,395927031.277239135837146116224,,,,,,,
2022-11-21,388034036.562073706777332008363,,,,,,,
2022-11-22,399653965.801406450370336308868,,,,,,,
2022-11-23,414155018.715516494976855484098,,,,,,,
2022-11-24,412311383.575745311908056850397,,,,,,,
2022-11-25,403068190.93710780785591414598,,,,,,,
2022-11-26,409624109.299330672457885560757,,,,,,,
2022-11-27,429015257.179204104916325786068,,,,,,,
2022-11-28,418582956.040657562795002722877,,,,,,,
2022-11-29,427023040.790135103322820377095,,,,,,,
2022-11-30,440964946.298577093140615474019,,,,,,,
2022-12-01,429286985.720459942223471824345,,,,,,,
2022-12-02,437560919.254957532142087614682,,,,,,,
2022-12-03,425283423.217012424650947597594,,,,,,,
2022-12-04,440450340.758068676446265619933,,,,,,,
2022-12-05,429680239.926651318586493505069,,,,,,,
2022-12-06,432235380.040658829970417660732,,,,,,,
2022-12-07,418129969.923778711966930746039,,,,,,,
2022-12-08,426480131.261316150936069113052,,,,,,,
2022-12-09,417805783.244595647636686663426,,,,,,,
2022-12-10,429877976.116147603340654215239,,,,,,,
2022-12-11,427235948.733207442387857204477,,,,,,,
2022-12-12,422478463.743249193156324006363,,,,,,,
2022-12-13,424725801.22646023853416941054,,,,,,,
2022-12-14,428463201.300197170789638398999,,,,,,,
2022-12-15,417425633.88197249270464302054,,,,,,,
2022-12-16,385649266.149155876517651140174,,,,,,,
2022-12-17,372244977.052314143885779049526,,,,,,,
2022-12-18,369502915.934264727782769030584,,,,,,,
2022-12-19,361593969.083443356316287189527,,,,,,,
2022-12-20,380535485.84215337136736206101,,,,,,,
2022-12-21,367575369.372641343107150685694,,,,,,,
2022-12-22,372115064.46097624865568398756,,,,,,,
2022-12-23,368051389.106157639342544203557,,,,,,,
2022-12-24,368855375.749922198641557545613,,,,,,,
2022-12-25,365743986.789581064482322829895,,,,,,,
2022-12-26,374832229.983926682043019716581,,,,,,,
2022-12-27,372156615.676255743898101740961,,,,,,,
2022-12-28,354476526.080244444460625438619,,,,,,,
2022-12-29,354606266.921224177969530000897,,,,,,,
2022-12-30,345764499.91894418256156688756,,,,,,,
2022-12-31,342809843.702530072174789433775,,,,,,,
2023-01-01,342393516.888387675696148877975,,,,,,,
2023-01-02,345257947.09343667455518975008,,,,,,,
2023-01-03,366739492.377252117383118108403,,,,,,,
2023-01-04,367178094.465514050297172539839,,,,,,,
2023-01-05,357442358.280940427781437923446,,,,,,,
2023-01-06,357372523.311668881532388124833,,,,,,,
2023-01-07,354688771.977198113539922020388,,,,,,,
2023-01-08,372066680.390895227359886350606,,,,,,,
2023-01-09,378140580.561526599185369126349,,,,,,,
2023-01-10,385680527.262945830906600445643,,,,,,,
2023-01-11,409049898.132761601027640617198,,,,,,,
2023-01-12,412347307.846478152682675355696,,,,,,,
2023-01-13,431200187.394174195095355435153,,,,,,,
2023-01-14,454279275.625452064434647080743,,,,,,,
2023-01-15,447722218.680533362768819376243,,,,,,,
2023-01-16,461838522.074827962376348043238,,,,,,,
2023-01-17,449110912.612758457641747675417,,,,,,,
2023-01-18,416958126.506499408890336103834,,,,,,,
2023-01-19,425301331.604047581583865250657,,,,,,,
2023-01-20,456056215.074062620472013273289,,,,,,,
2023-01-21,464262999.315847040473083170968,,,,,,,
2023-01-22,479611080.701721886693601488455,,,,,,,
2023-01-23,479687144.762404952350981916979,,,,,,,
2023-01-24,454256619.884073366116991785901,,,,,,,
2023-01-25,562068447.311525338695103059202,,,,,,,
2023-01-26,542097303.348320979424738208256,,,,,,,
2023-01-27,540909451.740514650595364390314,,,,,,,
2023-01-28,526867114.620038022792797035965,,,,,,,
2023-01-29,628722148.369192092324282435262,,,,,,,
2023-01-30,626588027.146301702248109337782,,,,,,,
2023-01-31,696373747.100142353101123463748,,,,,,,
2023-02-01,731345870.376913051107272524766,,,,,,,
2023-02-02,693723027.835674623086624728048,,,,,,,
2023-02-03,708287994.715294000521792156717,,,,,,,
2023-02-04,676710678.305489620849675318722,,,,,,,
2023-02-05,658645693.925705683192152444063,,,,,,,
2023-02-06,657241815.991577648249062046121,,,,,,,
2023-02-07,713341658.995836676794309246834,,,,,,,
2023-02-08,684881300.595945953551396923708,,,,,,,
2023-02-09,615228845.870427143573745122622,,,,,,,
2023-02-10,737359321.41811352163681816543,,,,,,,
2023-02-11,944445389.78639805890448453849,,,,,,,
2023-02-12,836742041.13476622481841005242,,,,,,,
2023-02-13,777424679.128922242055568783363,,,,,,,
2023-02-14,870220688.64463603552280883579,,,,,,,
2023-02-15,1000837989.94348090048982420817,,,,,,,
2023-02-16,885633493.59454403310161552484,,,,,,,
2023-02-17,903645974.7881977974168215235,,,,,,,
2023-02-18,888271099.54664750520086454285,,,,,,,
2023-02-19,841972987.865778513676161311889,,,,,,,
2023-02-20,904043635.13765529051487961403,,,,,,,
2023-02-21,820766742.31705870767351361716,,,,,,,
2023-02-22,834178009.953152144193682274847,,,,,,,
2023-02-23,837556389.045721650854878224084,,,,,,,
2023-02-24,805815319.563800115918618589392,,,,,,,
2023-02-25,786797135.047926592763205224094,,,,,,,
2023-02-26,810390841.506812942698526555103,,,,,,,
2023-02-27,799351783.966873512578357599035,,,,,,,
2023-02-28,796958477.280641902643200454088,,,,,,,
2023-03-01,837164600.569871567906973772635,,,,,,,
2023-03-02,836512946.639151296908152305772,,,,,,,
2023-03-03,751743560.661165983950347466826,,,,,,,
2023-03-04,704077155.841201028045369827689,,,,,,,
2023-03-05,703917641.882434288736498788658,,,,,,,
2023-03-06,698022045.525318165433920061439,,,,,,,
2023-03-07,667714372.317844450247168165655,,,,,,,
2023-03-08,609999752.526081965052570766467,,,,,,,
2023-03-09,574208525.020440370354691526569,,,,,,,
2023-03-10,552882537.602088515976131122912,,,,,,,
2023-03-11,533655164.101767306173072209496,,,,,,,
2023-03-12,597439806.719296014261680412065,,,,,,,
2023-03-13,639704701.413699319816056715229,,,,,,,
2023-03-14,699320719.179171304833252387963,,,,,,,
2023-03-15,674411687.956103760049403337188,,,,,,,
2023-03-16,695810351.498991731658990882197,,,,,,,
2023-03-17,768018130.643287309727999855331,,,,,,,
2023-03-18,738977519.012254898439360477728,,,,,,,
2023-03-19,760393117.699125565019245458146,,,,,,,
2023-03-20,691790844.141036011587774269366,,,,,,,
2023-03-21,733141778.988882486407314798262,,,,,,,
2023-03-22,701212045.473188740680001618437,,,,,,,
2023-03-23,766087523.4178896136430429091,,,,,,,
2023-03-24,725595135.968596013817439957931,,,,,,,
2023-03-25,692311791.381011498737738759852,,,,,,,
2023-03-26,710701244.417528867376910318191,,,,,,,
2023-03-27,640224485.253212904301309379733,,,,,,,
2023-03-28,655756690.489017260276740503204,,,,,,,
2023-03-29,678842282.844543015507149636246,,,,,,,
2023-03-30,663671556.32397422131437303446,,,,,,,
2023-03-31,682250864.465440641839805448938,,,,,,,
2023-04-01,674214795.925060464092706226721,,,,,,,
2023-04-02,649015877.294778282114383277744,,,,,,,
2023-04-03,649335699.258457342160299009203,,,,,,,
2023-04-04,670323212.701206335703654153516,,,,,,,
2023-04-05,670576547.279685461910483639517,,,,,,,
2023-04-06,654271093.365907126021093430712,,,,,,,
2023-04-07,642897924.556219498420995962839,,,,,,,
2023-04-08,637708123.084285748393267897808,,,,,,,
2023-04-09,646017414.610719056925181378174,,,,,,,
2023-04-10,663935415.539075387978440430172,,,,,,,
2023-04-11,654837874.522089600827086993842,,,,,,,
2023-04-12,662304038.297602417380569938221,,,,,,,
2023-04-13,697607732.515155765517587372831,,,,,,,
2023-04-14,720345227.190209195347584801338,,,,,,,
2023-04-15,710166994.173962026035709878577,,,,,,,
2023-04-16,732599746.159977374664807492461,,,,,,,
2023-04-17,707794390.206206998703339293479,,,,,,,
2023-04-18,759483824.622616434614450385789,,,,,,,
2023-04-19,662603881.445529735600128306676,,,,,,,
2023-04-20,631768944.76235729624327352657,,,,,,,
2023-04-21,592920648.400348761018925023327,,,,,,,
2023-04-22,608390705.668039230905357392009,,,,,,,
2023-04-23,593008178.85585228979136941175,,,,,,,
2023-04-24,591588080.716340254185585247273,,,,,,,
2023-04-25,609453220.237801715529285248701,,,,,,,
2023-04-26,591369928.188939998928615516507,,,,,,,
2023-04-27,614352808.516829512811964249774,,,,,,,
2023-04-28,604918351.414254067790059008695,,,,,,,
2023-04-29,605927279.610690043296161457215,,,,,,,
2023-04-30,591614756.257638287203104580025,,,,,,,
2023-05-01,568540462.194371488240425616893,,,,,,,
2023-05-02,578158966.285670704749486449088,,,,,,,
2023-05-03,589941210.410377251812506439431,,,,,,,
2023-05-04,561537550.55004016084251197481,,,,,,,
2023-05-05,567838185.700517958809285381394,,,,,,,
2023-05-06,535021820.537644457486697072291,,,,,,,
2023-05-07,528539307.192104774873211863892,,,,,,,
2023-05-08,487027360.092313224101741636636,,,,,,,
2023-05-09,495371541.243284965934602043675,,,,,,,
2023-05-10,519950563.999005524054442073433,,,,,,,
2023-05-11,492129404.672641426769176700602,,,,,,,
2023-05-12,508201131.625339124570701454916,,,,,,,
2023-05-13,503305861.392335048160254264121,,,,,,,
2023-05-14,505008854.255058305902886506122,,,,,,,
2023-05-15,509145416.12902523150550876987,,,,,,,
2023-05-16,510022273.183875121055388160001,,,,,,,
2023-05-17,528667172.103022052906262806206,,,,,,,
2023-05-18,520611028.404285877291358273291,,,,,,,
2023-05-19,523144771.363643731431813942522,,,,,,,
2023-05-20,526200329.774489651645866487258,,,,,,,
2023-05-21,513787841.00720918039248143849,,,,,,,
2023-05-22,511046574.419832051825813409821,,,,,,,
2023-05-23,523739238.787978073245230953044,,,,,,,
2023-05-24,499580807.633479261642169724829,,,,,,,
2023-05-25,507196585.38792641335990880499,,,,,,,
2023-05-26,509085222.803622460075353032816,,,,,,,
2023-05-27,509577261.739537317106074928842,,,,,,,
2023-05-28,530547946.2401935418440705746,,,,,,,
2023-05-29,516285703.209778998964034470178,,,,,,,
2023-05-30,514875998.823622186946551690926,,,,,,,
2023-05-31,490769304.579369142623873980538,,,,,,,
2023-06-01,484326875.675434301142712665861,,,,,,,
2023-06-02,495165492.807124546892614445184,,,,,,,
2023-06-03,497577238.847248550943578987223,,,,,,,
2023-06-04,499025893.868797057179158846538,,,,,,,
2023-06-05,464232374.524395672267941087164,,,,,,,
2023-06-06,470762267.659195333515089269223,,,,,,,
2023-06-07,443890732.452111391126169214943,,,,,,,
2023-06-08,452600014.408505633432188622398,,,,,,,
2023-06-09,447088266.791691116967789028031,,,,,,,
2023-06-10,382562258.530248412408565642838,,,,,,,
2023-06-11,384271585.378481983210779411276,,,,,,,
2023-06-12,371426644.252458588400120582879,,,,,,,
2023-06-13,385437658.021828366506923573566,,,,,,,
2023-06-14,363085675.607140150959878886013,,,,,,,
2023-06-15,369397088.612919064096281952552,,,,,,,
2023-06-16,379765376.318797914605458602458,,,,,,,
2023-06-17,392940906.13688159346232237193,,,,,,,
2023-06-18,386658670.144975370076763751895,,,,,,,
2023-06-19,395846183.646857540761726278471,,,,,,,
2023-06-20,414178488.451937793295068701959,,,,,,,
2023-06-21,439571264.379099100109678331138,,,,,,,
2023-06-22,437666359.50361002550719526503,,,,,,,
2023-06-23,442572438.501115543591960864248,,,,,,,
2023-06-24,442231491.908965390767566215014,,,,,,,
2023-06-25,457866969.820502387212104691047,,,,,,,
2023-06-26,451321925.133701760395162703375,,,,,,,
2023-06-27,456204770.508984115969181731,,,,,,,
2023-06-28,424399937.743627548106378271555,,,,,,,
2023-06-29,430343194.191821886240490638651,,,,,,,
2023-06-30,449989494.64464762688620993945,,,,,,,
2023-07-01,456819913.521273935360480148578,,,,,,,
2023-07-02,460226574.553819906784077967503,,,,,,,
2023-07-03,478498305.686427023514871716891,,,,,,,
2023-07-04,474292003.111264950086153684291,,,,,,,
2023-07-05,449696898.893935356042930144101,,,,,,,
2023-07-06,425992690.187236096277674271601,,,,,,,
2023-07-07,424188305.925564933655109122066,,,,,,,
2023-07-08,416657700.031765590558555479292,,,,,,,
2023-07-09,406621160.117006766874306005117,,,,,,,
2023-07-10,434957750.537941509951112334112,,,,,,,
2023-07-11,421878197.860604802709483992561,,,,,,,
2023-07-12,414646174.758108006790686624356,,,,,,,
2023-07-13,462213793.471226918944530316146,,,,,,,
2023-07-14,452935332.845643008464485527451,,,,,,,
2023-07-15,448276272.545675637146473040225,,,,,,,
2023-07-16,439533576.620049092747310614981,,,,,,,
2023-07-17,442370912.468636042753430801375,,,,,,,
2023-07-18,427842668.29366306937243118906,,,,,,,
2023-07-19,423090707.4874434855002753747,,,,,,,
2023-07-20,429418299.469716244028109686607,,,,,,,
2023-07-21,432934205.685165054745161653102,,,,,,,
2023-07-22,426444022.819304420057975822843,,,,,,,
2023-07-23,433714440.840589571207868361409,,,,,,,
2023-07-24,414206453.768703396786911712303,,,,,,,
2023-07-25,409452325.853467931539195194999,,,,,,,
2023-07-26,412925186.144670660375542331063,,,,,,,
2023-07-27,416574564.867199052989764105919,,,,,,,
2023-07-28,421704464.484338647752521533047,,,,,,,
2023-07-29,423014814.919328336446041390383,,,,,,,
2023-07-30,417294413.709259708206364231389,,,,,,,
2023-07-31,416396026.019366763913986558471,,,,,,,
2023-08-01,420878957.485562540607246797963,,,,,,,
2023-08-02,411629468.733187393242175279065,,,,,,,
2023-08-03,410340899.106166167584477935763,,,,,,,
2023-08-04,407582346.060853200884807763873,,,,,,,
2023-08-05,411491730.355088943357208886463,,,,,,,
2023-08-06,411897329.442921255463830141478,,,,,,,
2023-08-07,414671035.194640355481918325716,,,,,,,
2023-08-08,431129372.302713013128041942187,,,,,,,
2023-08-09,429229437.135788176616578904743,,,,,,,
2023-08-10,437150300.073480978159118874124,,,,,,,
2023-08-11,441270847.260930800546647382637,,,,,,,
2023-08-12,438731636.488742158865719581822,,,,,,,
2023-08-13,443321375.221143943556750255604,,,,,,,
2023-08-14,458051225.962591467937345906191,,,,,,,
2023-08-15,434884840.571855813817716779223,,,,,,,
2023-08-16,407220892.139116674278965865161,,,,,,,
2023-08-17,380666252.056388900340588158812,,,,,,,
2023-08-18,391759468.831757090388797679024,,,,,,,
2023-08-19,397343531.166515745931696185252,,,,,,,
2023-08-20,392925983.76389913180701086841,,,,,,,
2023-08-21,382580814.491008584073810671748,,,,,,,
2023-08-22,381114441.895055453613938727367,,,,,,,
2023-08-23,382434965.742119872351928314848,,,,,,,
2023-08-24,375117658.933885632861231954852,,,,,,,
2023-08-25,376718202.869618698889400834117,,,,,,,
2023-08-26,374750499.512788068641508705417,,,,,,,
2023-08-27,372504679.663720095952765428369,,,,,,,
2023-08-28,373413606.646338544000411326288,,,,,,,
2023-08-29,381441116.735598796597754472309,,,,,,,
2023-08-30,374173275.615497796194909108801,,,,,,,
2023-08-31,360723428.221553060826955634868,,,,,,,
2023-09-01,356842242.002187243640858102956,,,,,,,
2023-09-02,358183721.332729786915826727891,,,,,,,
2023-09-03,357513009.82970713017119750156,,,,,,,
2023-09-04,354606788.029857542598383709082,,,,,,,
2023-09-05,363209805.125667364438848789735,,,,,,,
2023-09-06,361731179.549295889710514466571,,,,,,,
2023-09-07,368617087.651728865119110770101,,,,,,,
2023-09-08,363099492.686944973841771860742,,,,,,,
2023-09-09,374795646.310459145753823343537,,,,,,,
2023-09-10,363544066.263204625486055752833,,,,,,,
2023-09-11,352398588.00723726797017255809,,,,,,,
2023-09-12,356401337.780864594608621729861,,,,,,,
2023-09-13,362059777.939130644785892722915,,,,,,,
2023-09-14,362402198.054543713642349713503,,,,,,,
2023-09-15,371779081.851532639311532562445,,,,,,,
2023-09-16,372112517.316920775255308523287,,,,,,,
2023-09-17,358484510.014568905461888030845,,,,,,,
2023-09-18,367893699.878714076043567578546,,,,,,,
2023-09-19,372582593.874097475787394577554,,,,,,,
2023-09-20,370420783.28602314017432681272,,,,,,,
2023-09-21,367141615.653338118698050220487,,,,,,,
2023-09-22,370992167.560796994956159206661,,,,,,,
2023-09-23,373931073.458044852863653073765,,,,,,,
2023-09-24,368789898.558264777753634140288,,,,,,,
2023-09-25,367277838.190584595794149724102,,,,,,,
2023-09-26,361024218.819906363989834365071,,,,,,,
2023-09-27,359881467.921935739363418041558,,,,,,,
2023-09-28,365793878.858720965930830555639,,,,,,,
2023-09-29,367192588.335064898165184418981,,,,,,,
2023-09-30,371187457.442108862075910887606,,,,,,,
2023-10-01,384941351.580958966530825804954,,,,,,,
2023-10-02,372331121.044750547636138261848,,,,,,,
2023-10-03,364397220.516101665328091382527,,,,,,,
2023-10-04,391136117.710072806835201370358,,,,,,,
2023-10-05,375298678.572679646881703488551,,,,,,,
2023-10-06,383983108.154442813156797102566,,,,,,,
2023-10-07,381324765.715505835462172952811,,,,,,,
2023-10-08,372237066.574787830948365521261,,,,,,,
2023-10-09,361220683.466082779098274684451,,,,,,,
2023-10-10,354764418.042526167223124437995,,,,,,,
2023-10-11,352092534.323181127308058719309,,,,,,,
2023-10-12,354263239.732829804439046261836,,,,,,,
2023-10-13,354207124.25562814103140885446,,,,,,,
2023-10-14,355087156.385002496332161846435,,,,,,,
2023-10-15,358843589.065814458640607361476,,,,,,,
2023-10-16,364232946.537823500751237324683,,,,,,,
2023-10-17,367858502.481689962199473448844,,,,,,,
2023-10-18,368380269.326354680837561441536,,,,,,,
2023-10-19,373024481.428818253736602398905,,,,,,,
2023-10-20,379737174.536456561471075753139,,,,,,,
2023-10-21,396711276.36392621444405912807,,,,,,,
2023-10-22,400177684.145961416460089429462,,,,,,,
2023-10-23,455699620.858116272137867719653,,,,,,,
2023-10-24,726732248.279297271137699994454,,,,,,,
2023-10-25,671921776.422927898817139939105,,,,,,,
2023-10-26,641361152.981011712307984921564,,,,,,,
2023-10-27,619177272.525941506333666837721,,,,,,,
2023-10-28,605424095.839782703171260569217,,,,,,,
2023-10-29,610982273.508135093512854575255,,,,,,,
2023-10-30,628856644.167323322595878026493,,,,,,,
2023-10-31,586283386.126520614092357220413,,,,,,,
2023-11-01,591263184.562891608432509727729,,,,,,,
2023-11-02,575928797.211607767618603426573,,,,,,,
2023-11-03,598009283.257578462312519023307,,,,,,,
2023-11-04,600277985.477531744143113197418,,,,,,,
2023-11-05,593334721.281789687425017028246,,,,,,,
2023-11-06,617772096.889984155592920628445,,,,,,,
2023-11-07,606500386.981566854306839577202,,,,,,,
2023-11-08,631519399.697694932765543005661,,,,,,,
2023-11-09,671701213.204053735225867246786,,,,,,,
2023-11-10,700341358.819520924187292381917,,,,,,,
2023-11-11,676542242.217465217424413286403,,,,,,,
2023-11-12,666434424.79303147467757857512,,,,,,,
2023-11-13,630110865.22900572165746174076,,,,,,,
2023-11-14,596056721.3961013815348942888,,,,,,,
2023-11-15,632112908.64888171583843583904,,,,,,,
2023-11-16,598174973.52695736640579894244,,,,,,,
2023-11-17,605815443.09612094412732020776,,,,,,,
2023-11-18,610561488.53086745854747831368,,,,,,,
2023-11-19,631696902.14871971183426584596,,,,,,,
2023-11-20,643195101.19111762334095992636,,,,,,,
2023-11-21,587989705.23907898337285375264,,,,,,,
2023-11-22,629152309.89257909636125855512,,,,,,,
2023-11-23,689387032.08773888937868612728,,,,,,,
2023-11-24,751177152.068466936213828579,,,,,,,
2023-11-25,807438212.86711555780338171444,,,,,,,
2023-11-26,761155981.70685074951219868684,,,,,,,
2023-11-27,706099472.6022821341520103242,,,,,,,
2023-11-28,744730656.34674354933464599864,,,,,,,
2023-11-29,705565360.83906587530767136528,,,,,,,
2023-11-30,721527471.9337460635966818264,,,,,,,
2023-12-01,760207451.42465360981369965008,,,,,,,
2023-12-02,767925794.18279477081411079732,,,,,,,
2023-12-03,745775799.175049987544647052,,,,,,,
2023-12-04,758652886.6170595979639573844,,,,,,,
2023-12-05,773031254.4434904977738587896,,,,,,,
2023-12-06,738288759.31212209331600334088,,,,,,,
2023-12-07,757591599.95722709504224305156,,,,,,,
2023-12-08,788764513.4552544209989223706,,,,,,,
2023-12-09,768365566.53820861285634531412,,,,,,,
2023-12-10,877063982.57471249563491802712,,,,,,,
2023-12-11,828723333.84886381438846574604,,,,,,,
2023-12-12,804614834.11972198518582566124,,,,,,,
2023-12-13,807697086.44778700478483545624,,,,,,,
2023-12-14,811521144.04164094029871551324,,,,,,,
2023-12-15,758869697.36430650615638633136,,,,,,,
2023-12-16,784655381.24677658059276477636,,,,,,,
2023-12-17,756604748.45930400367527319992,,,,,,,
2023-12-18,742219199.87763472273733073956,,,,,,,
2023-12-19,789208383.01509847459944465492,,,,,,,
2023-12-20,878085939.6386971195040296164,,,,,,,
2023-12-21,902233182.87367294136410422084,,,,,,,
2023-12-22,907741130.13931957099428230232,,,,,,,
2023-12-23,1047638188.1782124150873270292,,,,,,,
2023-12-24,1200382188.8669296380917182376,,,,,,,
2023-12-25,1200502855.2655126944403255976,,,,,,,
2023-12-26,1419491573.9414422490300424084,,,,,,,
2023-12-27,1360979878.3714763897041854088,,,,,,,
2023-12-28,1302127097.1514990208670685944,,,,,,,
2023-12-29,1388693440.8716215086489032212,,,,,,,
2023-12-30,1494547077.1126214141757100728,,,,,,,
2023-12-31,1391281598.3433709051949815984,,,,,,,
2024-01-01,1572248793.223211506728024996,,,,,,,
2024-01-02,1504513656.0080387098454247144,,,,,,,
2024-01-03,1406160391.4831757104448758064,,,,,,,
2024-01-04,1343951960.5157629930860256028,,,,,,,
2024-01-05,1256971750.318428911174964246,,,,,,,
2024-01-06,1143535808.1994424415995359488,,,,,,,
2024-01-07,1095234708.6715913748526921092,,,,,,,
2024-01-08,1231734015.858310961412426448,,,,,,,
2024-01-09,1145082847.4384725347128218844,,,,,,,
2024-01-10,1273228484.1078033545364795876,,,,,,,
2024-01-11,1337403445.5052524766410835572,,,,,,,
2024-01-12,1247000859.2141585066044562908,,,,,,,
2024-01-13,1264235261.4848654325784517544,,,,,,,
2024-01-14,1197820639.7357596068766669812,,,,,,,
2024-01-15,1258087738.8278205874712172768,,,,,,,
2024-01-16,1324863564.6411831964783757164,,,,,,,
2024-01-17,1355130479.2111323131853852752,,,,,,,
2024-01-18,1259789611.8138223699440159764,,,,,,,
2024-01-19,1210047590.350417813970724294,,,,,,,
2024-01-20,1168599972.9117751249197189204,,,,,,,
2024-01-21,1169127230.8148718635551972176,,,,,,,
2024-01-22,1069976563.3463589762418985496,,,,,,,
2024-01-23,1079750982.1725082029556819144,,,,,,,
2024-01-24,1088326125.0898493328148648772,,,,,,,
2024-01-25,1042241406.734273715705798468,,,,,,,
2024-01-26,1133129791.718634080009061622,,,,,,,
2024-01-27,1136366722.0584606177077452716,,,,,,,
2024-01-28,1107215857.2250043429963704728,,,,,,,
2024-01-29,1166692857.481656955104654958,,,,,,,
2024-01-30,1179828490.4661325054217655324,,,,,,,
2024-01-31,1199641011.6757615790324289316,,,,,,,
2024-02-01,1270558883.6466466294359680068,,,,,,,
2024-02-02,1290684742.1781020639093024784,,,,,,,
2024-02-03,1253316417.3632882142555433536,,,,,,,
2024-02-04,1222407939.276803876540274382,,,,,,,
2024-02-05,1233108457.2613698730282505412,,,,,,,
2024-02-06,1198511621.3523856816028025904,,,,,,,
2024-02-07,1241133968.012942812781170374,,,,,,,
2024-02-08,1243665156.7208038604806719488,,,,,,,
2024-02-09,1339363497.282499360337805064,,,,,,,
2024-02-10,1377488026.6868184012560777172,,,,,,,
2024-02-11,1449799921.554852849385561002,,,,,,,
2024-02-12,1471972753.6610954968055531572,,,,,,,
2024-02-13,1471846950.9503895659175503536,,,,,,,
2024-02-14,1564089775.1321785156019480268,,,,,,,
2024-02-15,1514365812.0813189273173483032,,,,,,,
2024-02-16,1457032920.8406609994299057996,,,,,,,
2024-02-17,1432605492.3748792158914563624,,,,,,,
2024-02-18,1490852203.1378410319301657456,,,,,,,
2024-02-19,1453859385.1804580651633076768,,,,,,,
2024-02-20,1430944463.5429016686720983956,,,,,,,
2024-02-21,1367898323.9839598016958393264,,,,,,,
2024-02-22,1340947132.2645525450916012488,,,,,,,
2024-02-23,1323575510.3196594935860457536,,,,,,,
2024-02-24,1392478936.8817867900788016956,,,,,,,
2024-02-25,1367930372.264116019613987764,,,,,,,
2024-02-26,1413871336.1546718235309328856,,,,,,,
2024-02-27,1384942104.1917640747388152476,,,,,,,
2024-02-28,1369798998.7643435266694456088,,,,,,,
2024-02-29,1365483721.5183327331168916784,,,,,,,
2024-03-01,1415787149.388923245400882052,,,,,,,
2024-03-02,1515550669.5302548380626164092,,,,,,,
2024-03-03,1459660256.8943458609188646668,,,,,,,
2024-03-04,1420701743.1453970649633726096,,,,,,,
2024-03-05,1309424586.784124910713434158,,,,,,,
2024-03-06,1395830353.3235973064384074404,,,,,,,
2024-03-07,1445673110.1363633514704652808,,,,,,,
2024-03-08,1412680487.017453472637989316,,,,,,,
2024-03-09,1452586660.990531665882066558,,,,,,,
2024-03-10,1599711241.0140622234290262376,,,,,,,
2024-03-11,1730754197.2492724078952326788,,,,,,,
2024-03-12,1664960880.997569612337646516,,,,,,,
2024-03-13,1625970087.4273716293859355168,,,,,,,
2024-03-14,1539814615.7083744531082773536,,,,,,,
2024-03-15,1424092001.8728756747514382108,,,,,,,
2024-03-16,1350160693.7149556860277436532,,,,,,,
2024-03-17,1411201034.6517188154822052588,,,,,,,
2024-03-18,1323707199.3945958408929000036,,,,,,,
2024-03-19,1215367387.7341623811192656984,,,,,,,
2024-03-20,1328587292.442566819068017342,,,,,,,
2024-03-21,1312288074.5928173184091377132,,,,,,,
2024-03-22,1264639792.8527516508780056892,,,,,,,
2024-03-23,1280363397.914504577632652132,,,,,,,
2024-03-24,1325814231.1089819990542562996,,,,,,,
2024-03-25,1369291275.840506136553022874,,,,,,,
2024-03-26,1384517156.8013241195217969704,,,,,,,
2024-03-27,1355936116.9684941558071498556,,,,,,,
2024-03-28,1358328907.990967723872662138,,,,,,,
2024-03-29,1336161897.8639171163675973288,,,,,,,
2024-03-30,1303343714.4915381703090686824,,,,,,,
2024-03-31,1333382731.983082192196778956,,,,,,,
2024-04-01,1252881634.7530478450743975232,,,,,,,
2024-04-02,1132081223.444431021624042258,,,,,,,
2024-04-03,1142193445.726660652513741502,,,,,,,
2024-04-04,1173724522.7731328960427634764,,,,,,,
2024-04-05,1135229475.1268292120812246184,,,,,,,
2024-04-06,1173039899.8992470372479280832,,,,,,,
2024-04-07,1182406757.9030720903235815136,,,,,,,
2024-04-08,1227030355.9125920644681132156,,,,,,,
2024-04-09,1144000803.3121619171455373016,,,,,,,
2024-04-10,1130598039.609682131935427212,,,,,,,
2024-04-11,1113351506.0113964301701276772,,,,,,,
2024-04-12,925350213.6103432383707611278,,,,,,,
2024-04-13,795467887.72736108208536142764,,,,,,,
2024-04-14,871720900.86623341479166800504,,,,,,,
2024-04-15,822132431.8002749957518716342,,,,,,,
2024-04-16,848104749.551246325138527169,,,,,,,
2024-04-17,834783015.28859667418385636668,,,,,,,
2024-04-18,857361469.65126923733013667784,,,,,,,
2024-04-19,867244511.05162496007807539628,,,,,,,
2024-04-20,948272739.55075648587045733856,,,,,,,
2024-04-21,923531210.39935794348016612492,,,,,,,
2024-04-22,971973473.94796811126261765508,,,,,,,
2024-04-23,1000445378.52400515211417445544,,,,,,,
2024-04-24,948925953.67577743455093619504,,,,,,,
2024-04-25,935461997.98956958907338732632,,,,,,,
2024-04-26,903729771.78796107424135377832,,,,,,,
2024-04-27,940781797.40964677831512900144,,,,,,,
2024-04-28,921665408.69067207025998539304,,,,,,,
2024-04-29,916048407.11816895869679941988,,,,,,,
2024-04-30,870758451.63257793733293463228,,,,,,,
2024-05-01,874932586.74056679534207384696,,,,,,,
2024-05-02,886334100.24007213196911491528,,,,,,,
2024-05-03,931237597.27817301760497388484,,,,,,,
2024-05-04,924622310.71481637220886190944,,,,,,,
2024-05-05,935953264.91563774423796512444,,,,,,,
2024-05-06,898769478.01465840227110924744,,,,,,,
2024-05-07,918983907.22416942611777944228,,,,,,,
2024-05-08,875554566.72591144678862922532,,,,,,,
2024-05-09,917049460.8743525109748948362,,,,,,,
2024-05-10,869026309.1753196282198505218,,,,,,,
2024-05-11,874882536.40575955058556712256,,,,,,,
2024-05-12,866677917.93225531329886874104,,,,,,,
2024-05-13,847603976.744804393596478313,,,,,,,
2024-05-14,802878415.09440529864370225112,,,,,,,
2024-05-15,884489270.97031940391340821768,,,,,,,
2024-05-16,872292485.92529471558307263912,,,,,,,
2024-05-17,889879743.32946145471208627136,,,,,,,
2024-05-18,893240638.39551822302011663272,,,,,,,
2024-05-19,847232038.15397177613919078596,,,,,,,
2024-05-20,936419049.28717175302210914504,,,,,,,
2024-05-21,922878646.86319727927358762528,,,,,,,
2024-05-22,886846479.19862466487452125304,,,,,,,
2024-05-23,903824088.24853554328873706516,,,,,,,
2024-05-24,921912773.07266748111888829596,,,,,,,
2024-05-25,967383836.45895897775066207152,,,,,,,
2024-05-26,953047389.22140266497749110652,,,,,,,
2024-05-27,971713227.62102964589867356608,,,,,,,
2024-05-28,938305389.94961133022400686116,,,,,,,
2024-05-29,934924643.4584706552161171028,,,,,,,
2024-05-30,934693717.34269585914569067924,,,,,,,
2024-05-31,949871748.44666434562775224988,,,,,,,
2024-06-01,930913325.84455463016558862036,,,,,,,
2024-06-02,906774556.8272550922039992262,,,,,,,
2024-06-03,960236791.68564108824838167936,,,,,,,
2024-06-04,958580451.97623179348017574376,,,,,,,
2024-06-05,972160632.87104100527724762952,,,,,,,
2024-06-06,938048131.0806572248709666118,,,,,,,
2024-06-07,893986442.60033344866803928468,,,,,,,
2024-06-08,830543861.9395734042601060532,,,,,,,
2024-06-09,838323657.0132971066356026012,,,,,,,
2024-06-10,814545649.6619312069901603482,,,,,,,
2024-06-11,769404663.1920701521080730416,,,,,,,
2024-06-12,795165092.82595879249045328648,,,,,,,
2024-06-13,754355931.00137686782677388784,,,,,,,
2024-06-14,723174275.2129896909007856064,,,,,,,
2024-06-15,726180242.82310825990018773372,,,,,,,
2024-06-16,737618169.17245874763693188112,,,,,,,
2024-06-17,673659006.2914681404745514876,,,,,,,
2024-06-18,616408604.57280014957356985308,,,,,,,
2024-06-19,643189451.1890885925057768296,,,,,,,
2024-06-20,643912681.32850661383116154096,,,,,,,
2024-06-21,624588171.92464496311858081436,,,,,,,
2024-06-22,612759541.25326928168776432376,,,,,,,
2024-06-23,587481732.86896482922199810404,,,,,,,
2024-06-24,603805859.23311134406517907172,,,,,,,
2024-06-25,616795189.85156856739573759316,,,,,,,
2024-06-26,586982706.05455272913920489784,,,,,,,
2024-06-27,593937112.57669362166692208248,,,,,,,
2024-06-28,573826713.59658623485017624268,,,,,,,
2024-06-29,573891656.41617952122671177564,,,,,,,
2024-06-30,606787767.71995987306458089904,,,,,,,
2024-07-01,610141124.09500526005799479532,,,,,,,
2024-07-02,614068387.84257960640784714424,,,,,,,
2024-07-03,576591956.28886056424538473,,,,,,,
2024-07-04,511312250.57122622982205711512,,,,,,,
2024-07-05,510084232.68121046174507150332,,,,,,,
2024-07-06,549783382.87102230210615280092,,,,,,,
2024-07-07,513374551.3814702387550914072,,,,,,,
2024-07-08,529731681.17197883111049454228,,,,,,,
2024-07-09,553819195.25432838130903309764,,,,,,,
2024-07-10,562151845.48640811736391270076,,,,,,,
2024-07-11,541975281.81242482101734038296,,,,,,,
2024-07-12,552051020.60384147211079936924,,,,,,,
2024-07-13,567114272.97774050139015410556,,,,,,,
2024-07-14,586937358.0415296537410475196,,,,,,,
2024-07-15,610565355.0347271671888848058,,,,,,,
2024-07-16,614754849.043160691569002653,,,,,,,
2024-07-17,627303428.25822194405960250324,,,,,,,
2024-07-18,604171786.64999791487150451076,,,,,,,
2024-07-19,636724747.32711650843601740484,,,,,,,
2024-07-20,652856089.31249517609494119684,,,,,,,
2024-07-21,656195403.94213633691479759612,,,,,,,
2024-07-22,637463202.31778653090995278204,,,,,,,
2024-07-23,592041646.26735504783412879464,,,,,,,
2024-07-24,578130832.41818094696753337428,,,,,,,
2024-07-25,563298343.09443200180988388448,,,,,,,
2024-07-26,593619859.71282024335443737996,,,,,,,
2024-07-27,593507483.52541765315893701136,,,,,,,
2024-07-28,576712175.41512986120941870756,,,,,,,
2024-07-29,580636394.81305217144009278544,,,,,,,
2024-07-30,565023824.48870121979549995624,,,,,,,
2024-07-31,552415537.7160755624192622256,,,,,,,
2024-08-01,542869241.35073210048636428848,,,,,,,
2024-08-02,502160823.3968664067736224854,,,,,,,
2024-08-03,475058816.832939709737171392,,,,,,,
2024-08-04,449855975.19264781170783963708,,,,,,,
2024-08-05,436266160.30144401627204230184,,,,,,,
2024-08-06,451308211.20429762406478983488,,,,,,,
2024-08-07,436025439.05787430305197576532,,,,,,,
2024-08-08,494349865.12586941652320074244,,,,,,,
2024-08-09,485077311.42291836306860998396,,,,,,,
2024-08-10,507530656.13836489824007129932,,,,,,,
2024-08-11,467011607.21252857675929857308,,,,,,,
2024-08-12,500904150.53672049513796845444,,,,,,,
2024-08-13,514141385.47484925268915458596,,,,,,,
2024-08-14,492284164.63826245154852806676,,,,,,,
2024-08-15,480522388.11539805718732919888,,,,,,,
2024-08-16,472661441.76492214816570444056,,,,,,,
2024-08-17,485255430.82165827581352184736,,,,,,,
2024-08-18,485752781.0784521528604339184,,,,,,,
2024-08-19,493415116.94076117391582443356,,,,,,,
2024-08-20,497156373.73787146909033684224,,,,,,,
2024-08-21,527860025.6960974084786528944,,,,,,,
2024-08-22,532717529.51134251989892576048,,,,,,,
2024-08-23,579479781.22822635033813125468,,,,,,,
2024-08-24,581812410.650246806727815305,,,,,,,
2024-08-25,574277280.8822656506547182962,,,,,,,
2024-08-26,540905279.03162282554084347852,,,,,,,
2024-08-27,526446813.79037820330048278748,,,,,,,
2024-08-28,514208304.49305547681132178332,,,,,,,
2024-08-29,508238437.661651563952323949,,,,,,,
2024-08-30,520713166.79849306253998313948,,,,,,,
2024-08-31,497495832.82928142105482724744,,,,,,,
2024-09-01,471434842.35720056618767328684,,,,,,,
2024-09-02,506472801.0885702970563400306,,,,,,,
2024-09-03,477359204.78489199801290429164,,,,,,,
2024-09-04,491981356.06637149797417851136,,,,,,,
2024-09-05,475115703.61402302669201057936,,,,,,,
2024-09-06,458169893.74695733809814199448,,,,,,,
2024-09-07,460698267.67705252712850383256,,,,,,,
2024-09-08,472738280.4627617298410129118,,,,,,,
2024-09-09,487568309.3247043031056056864,,,,,,,
2024-09-10,487998552.2813148692049057392,,,,,,,
2024-09-11,479100387.09213676578645951672,,,,,,,
2024-09-12,497603472.63664967064011118132,,,,,,,
2024-09-13,512722333.9816045868954750336,,,,,,,
2024-09-14,506934780.9018268949505891702,,,,,,,
2024-09-15,486807456.2759828655900521974,,,,,,,
2024-09-16,479752884.55533665021343361076,,,,,,,
2024-09-17,489654735.90438469536806604316,,,,,,,
2024-09-18,509081908.4839895995630029968,,,,,,,
2024-09-19,534538735.4650209611127177858,,,,,,,
2024-09-20,563786777.7080632657781063028,,,,,,,
2024-09-21,577416488.66390649973200215476,,,,,,,
2024-09-22,558364751.38211920953413149276,,,,,,,
2024-09-23,568538970.66602947399698038212,,,,,,,
2024-09-24,618682776.40912790107387296408,,,,,,,
2024-09-25,619139601.65068346785002435752,,,,,,,
2024-09-26,635202974.27737086113259525848,,,,,,,
2024-09-27,640102915.68851043102465741864,,,,,,,
2024-09-28,629410344.57180688015006646572,,,,,,,
2024-09-29,713502157.082492762547139785,,,,,,,
2024-09-30,648068671.4335497688520914784,,,,,,,
2024-10-01,598753312.2505616246523952214,,,,,,,
2024-10-02,589903031.21585367073787975324,,,,,,,
2024-10-03,567417395.91485107562328687328,,,,,,,
2024-10-04,604316027.0386566551936142798,,,,,,,
2024-10-05,603115507.59588848560439673052,,,,,,,
2024-10-06,618598692.1994826094102191444,,,,,,,
2024-10-07,621046587.78903202575457218284,,,,,,,
2024-10-08,607474671.5508916825980259062,,,,,,,
2024-10-09,572811290.44156124991573324348,,,,,,,
2024-10-10,578139227.62525389462601398616,,,,,,,
2024-10-11,600229407.77743947618593685204,,,,,,,
2024-10-12,626218938.51352404006915899724,,,,,,,
2024-10-13,669012490.91765246646161414452,,,,,,,
2024-10-14,690984764.84018566936601839972,,,,,,,
2024-10-15,665884932.1687937132115173622,,,,,,,
2024-10-16,668960484.70366825514273576324,,,,,,,
2024-10-17,650576245.8678607250329629084,,,,,,,
2024-10-18,668023636.55725421730779106604,,,,,,,
2024-10-19,674072402.84604959147501608696,,,,,,,
2024-10-20,715923637.78794873555334735788,,,,,,,
2024-10-21,714554957.1205856175206967798,,,,,,,
2024-10-22,679964281.3524373301198838822,,,,,,,
2024-10-23,649600435.29710177097723822732,,,,,,,
2024-10-24,661132004.37605523669292561316,,,,,,,
2024-10-25,589414396.04123536878906414304,,,,,,,
2024-10-26,602329997.80141202609937694044,,,,,,,
2024-10-27,618709086.71240400862388750028,,,,,,,
2024-10-28,616543774.7590106884471227214,,,,,,,
2024-10-29,646112497.75242897944629065188,,,,,,,
2024-10-30,657598988.90068825896910204524,,,,,,,
2024-10-31,616306636.03702091279991329656,,,,,,,
2024-11-01,603655785.39055588464256964856,,,,,,,
2024-11-02,580785111.11457630370068062976,,,,,,,
2024-11-03,555269120.28344940159151837608,,,,,,,
2024-11-04,532415806.5516959948540721252,,,,,,,
2024-11-05,564955801.55579436806756539692,,,,,,,
2024-11-06,628009643.69688072286695321252,,,,,,,
2024-11-07,629301439.10178881237808240492,,,,,,,
2024-11-08,630836088.85094539575311440404,,,,,,,
2024-11-09,672331093.00490364004925350148,,,,,,,
2024-11-10,702602491.04476111377059032704,,,,,,,
2024-11-11,764098002.14024296993854500308,,,,,,,
2024-11-12,779278618.67798323385621137616,,,,,,,
2024-11-13,768678409.74816463742369253984,,,,,,,
2024-11-14,712292541.72597623300682706956,,,,,,,
2024-11-15,747287399.06350525279448048772,,,,,,,
2024-11-16,827889645.09411887488955294836,,,,,,,
2024-11-17,755268879.99955432627522734552,,,,,,,
2024-11-18,823390302.84475127613584732676,,,,,,,
2024-11-19,789010325.48016977624825963072,,,,,,,
2024-11-20,754355493.05023172144117164772,,,,,,,
2024-11-21,787829983.90422758141528389168,,,,,,,
2024-11-22,819959479.9686999801981263312,,,,,,,
2024-11-23,865426940.0417485420762036474,,,,,,,
2024-11-24,918540528.1731431394966841242,,,,,,,
2024-11-25,877813758.53450641296856654256,,,,,,,
2024-11-26,899251967.81690170113398726352,,,,,,,
2024-11-27,941581189.63653969107378524344,,,,,,,
2024-11-28,924958777.27228127759788304552,,,,,,,
2024-11-29,958856268.04192978209385681944,,,,,,,
2024-11-30,1017635068.50003209239595632576,,,,,,,
2024-12-01,1028878841.3032542390830560802,,,,,,,
2024-12-02,1033049973.24612900241328748524,,,,,,,
2024-12-03,1077805670.16470142971225185688,0.869035747811131,0.00000907832498673228,0.000238937331495402,0.827396595150858,0.869035747811131,0.8707914827831112,binance-mina-usdt-spot
2024-12-04,1077011671.359296365944521735088,0.906383152284422,0.00000944042150862261,0.000250111823728043,0.861270944258841,0.906383152284422,0.9001739375124511,binance-mina-usdt-spot
2024-12-05,1048727287.358994245455006781551,0.905396755088592,0.00000915279459187577,0.000235494548398311,0.859413759932045,0.905396755088592,0.9103238215154956,binance-mina-usdt-spot
2024-12-06,1189626870.273078621275875630341,0.881313306210809,0.00000909042142186125,0.000232249285053835,0.832706351474707,0.881313306210809,0.8790659411444927,binance-mina-usdt-spot
2024-12-07,1131900895.846406240063669321975,0.999413956786419,0.00000999882845266531,0.000249015092059337,0.943581141574784,0.999413956786419,1.001048799578905,binance-mina-usdt-spot
2024-12-08,1116062709.427564245746724935323,0.950582186239025,0.00000950794211178129,0.000237278180255573,0.897627689457948,0.950582186239025,0.9482173590136902,binance-mina-usdt-spot
2024-12-09,,0.936979618462957,0.00000929552645603166,0.000234148520487173,0.885809933378794,0.936979618462957,0.9379922396876498,binance-mina-usdt-spot
